ACCIDENT_DATE,ACCIDENT_TIME,ALCOHOLTIME,ACCIDENT_TYPE,DCA_CODE,HIT_RUN_FLAG,LIGHT_CONDITION,POLICE_ATTEND,ROAD_GEOMETRY,SEVERITY,SPEED_ZONE,LONGITUDE,LATITUDE,LGA_NAME,REGION_NAME,TOTAL_PERSONS,INJ_OR_FATAL,FATALITY,SERIOUSINJURY,OTHERINJURY,NONINJURED,MALES,FEMALES,BICYCLIST,PASSENGER,DRIVER,PEDESTRIAN,PILLION,MOTORIST,UNKNOWN,PED_CYCLIST_5_12,PED_CYCLIST_13_18,OLD_PEDESTRIAN,OLD_DRIVER,YOUNG_DRIVER,ALCOHOL_RELATED,UNLICENCSED,NO_OF_VEHICLES,HEAVYVEHICLE,PASSENGERVEHICLE,MOTORCYCLE,PUBLICVEHICLE,DEG_URBAN_NAME
20/03/2012,18.20.00,Yes,Collision with vehicle,OTHER SAME DIRECTION-MANOUEVRES NOT INCLUDED IN DCAs 130-137,Yes,Day,No,Multiple intersection,Other injury accident,50 km/hr,144.95688,-37.80155,MELBOURNE,METROPOLITAN NORTH WEST REGION,2,1,0,0,1,1,1,1,1,0,1,0,0,0,0,0,0,0,0,0,No,0,2,0,1,0,0,Metropolitan Excluding CBD
21/03/2012,06.50.00,No,Collision with vehicle,LANE SIDE SWIPE (VEHICLES IN PARALLEL LANES),Yes,Dark Street lights on,No,Cross intersection,Other injury accident,60 km/hr,144.96894,-37.82072,MELBOURNE,METROPOLITAN NORTH WEST REGION,2,1,0,0,1,1,1,0,1,0,1,0,0,0,0,0,0,0,0,0,No,0,2,1,0,0,0,Metropolitan Excluding CBD
21/03/2012,14.42.00,No,Collision with vehicle,RIGHT THROUGH,No,Day,Yes,T intersection,Other injury accident,60 km/hr,144.971,-37.79462,MELBOURNE,METROPOLITAN NORTH WEST REGION,3,1,0,0,1,2,1,2,1,1,1,0,0,0,0,0,0,0,0,1,No,0,2,0,1,0,0,Metropolitan Excluding CBD
21/03/2012,16.43.00,No,Struck Pedestrian,FAR SIDE. PED HIT BY VEHICLE FROM THE LEFT,No,Day,Yes,Not at intersection,Other injury accident,50 km/hr,144.96232,-37.81115,MELBOURNE,METROPOLITAN NORTH WEST REGION,2,1,0,0,1,1,2,0,0,0,1,1,0,0,0,0,0,0,0,0,No,0,1,0,1,0,0,Metropolitan CBD Only
21/03/2012,21.45.00,Yes,Collision with vehicle,REAR END(VEHICLES IN SAME LANE),No,Dark Street lights on,Yes,T intersection,Other injury accident,60 km/hr,144.98178,-37.83772,MELBOURNE,METROPOLITAN NORTH WEST REGION,3,1,0,0,1,2,2,0,0,0,2,0,0,0,1,0,0,0,0,0,No,0,3,0,2,0,0,Metropolitan Excluding CBD
21/03/2012,18.30.00,Yes,Collision with vehicle,ENTERING PARKING,No,Day,No,Not at intersection,Other injury accident,60 km/hr,144.95832,-37.80878,MELBOURNE,METROPOLITAN NORTH WEST REGION,2,1,0,0,1,1,2,0,0,0,1,0,0,1,0,0,0,0,0,0,No,0,2,0,1,1,0,Metropolitan Excluding CBD
21/03/2012,12.27.00,No,Collision with vehicle,LANE SIDE SWIPE (VEHICLES IN PARALLEL LANES),No,Day,No,Cross intersection,Other injury accident,50 km/hr,144.96226,-37.81228,MELBOURNE,METROPOLITAN NORTH WEST REGION,2,1,0,0,1,1,1,1,1,0,1,0,0,0,0,0,0,0,0,0,No,0,2,0,1,0,0,Metropolitan CBD Only
22/03/2012,08.05.00,No,Collision with vehicle,RIGHT NEAR (INTERSECTIONS ONLY),No,Day,Yes,T intersection,Other injury accident,60 km/hr,144.98609,-37.84047,MELBOURNE,METROPOLITAN SOUTH EAST REGION,2,1,0,0,1,1,1,1,0,0,2,0,0,0,0,0,0,0,0,0,No,1,2,0,2,0,0,Metropolitan Excluding CBD
22/03/2012,16.37.00,No,Collision with vehicle,LANE CHANGE LEFT (NOT OVERTAKING),No,Day,Yes,T intersection,Other injury accident,60 km/hr,144.98558,-37.84299,MELBOURNE,METROPOLITAN SOUTH EAST REGION,2,1,0,0,1,1,1,1,0,0,1,0,0,1,0,0,0,0,0,1,No,0,2,0,1,1,0,Metropolitan Excluding CBD
23/03/2012,09.00.00,No,Collision with vehicle,VEHICLE STRIKES DOOR OF PARKED/STATIONARY VEHICLE,No,Day,No,Not at intersection,Other injury accident,50 km/hr,144.96025,-37.80002,MELBOURNE,METROPOLITAN NORTH WEST REGION,3,1,0,0,1,2,0,1,1,1,1,0,0,0,0,0,0,0,0,0,No,0,2,0,1,0,0,Metropolitan Excluding CBD
24/03/2012,13.20.00,No,Collision with vehicle,VEHICLE COLLIDES WITH VEHICLE PARKED ON LEFT OF ROAD,No,Day,Yes,Not at intersection,Other injury accident,60 km/hr,144.97636,-37.83334,MELBOURNE,METROPOLITAN NORTH WEST REGION,2,1,0,0,1,1,0,2,0,0,2,0,0,0,0,0,0,0,0,0,No,0,2,0,2,0,0,Metropolitan Excluding CBD
25/03/2012,04.15.00,Yes,Struck Pedestrian,ANY MANOEUVRE INVOLVING PED NOT INCLUDED IN DCAs 100-108.,No,Dark Street lights on,Yes,T intersection,Other injury accident,60 km/hr,144.96104,-37.82514,MELBOURNE,METROPOLITAN NORTH WEST REGION,2,1,0,0,1,1,2,0,0,0,1,1,0,0,0,0,0,0,0,0,No,0,1,0,1,0,0,Metropolitan Excluding CBD
25/03/2012,03.45.00,Yes,Collision with vehicle,ACCIDENT OR BROKEN DOWN,No,Dark Street lights on,Yes,Not at intersection,Serious injury accident,80 km/hr,144.89925,-37.83026,MELBOURNE,METROPOLITAN NORTH WEST REGION,7,3,0,3,0,4,4,3,0,5,2,0,0,0,0,0,0,0,0,2,Yes,0,2,0,2,0,0,Metropolitan Excluding CBD
25/03/2012,10.00.00,Yes,Collision with vehicle,OTHER SAME DIRECTION-MANOUEVRES NOT INCLUDED IN DCAs 130-137,Yes,Day,Yes,T intersection,Other injury accident,60 km/hr,144.91926,-37.78533,MELBOURNE,METROPOLITAN NORTH WEST REGION,2,1,0,0,1,1,0,1,1,0,1,0,0,0,0,0,0,0,0,0,No,0,2,0,1,0,0,Metropolitan Excluding CBD
26/03/2012,11.40.00,No,Collision with vehicle,RIGHT THROUGH,No,Day,Yes,Cross intersection,Other injury accident,40 km/hr,144.96621,-37.8049,MELBOURNE,METROPOLITAN NORTH WEST REGION,2,1,0,0,1,1,1,1,0,0,1,0,0,1,0,0,0,0,0,0,No,0,2,0,1,1,0,Metropolitan Excluding CBD
26/03/2012,16.14.00,No,Struck Pedestrian,PED STRUCK WALKING TO/FROM OR BOARDING/ALIGHTING VEHICLE.,No,Day,Yes,Cross intersection,Serious injury accident,60 km/hr,144.95844,-37.79254,MELBOURNE,METROPOLITAN NORTH WEST REGION,2,1,0,1,0,1,1,1,0,0,1,1,0,0,0,0,1,0,0,0,No,0,1,0,1,0,0,Metropolitan Excluding CBD
26/03/2012,17.01.00,No,Collision with vehicle,REAR END(VEHICLES IN SAME LANE),No,Day,Yes,Cross intersection,Serious injury accident,60 km/hr,144.95491,-37.79975,MELBOURNE,METROPOLITAN NORTH WEST REGION,8,2,0,2,0,6,3,4,0,4,4,0,0,0,0,0,0,0,0,0,No,0,4,0,4,0,0,Metropolitan Excluding CBD
26/03/2012,17.20.00,No,Collision with vehicle,LANE CHANGE LEFT (NOT OVERTAKING),No,Day,Yes,Not at intersection,Serious injury accident,60 km/hr,144.96121,-37.81,MELBOURNE,METROPOLITAN NORTH WEST REGION,3,1,0,1,0,2,1,2,0,0,1,0,1,1,0,0,0,0,0,0,No,0,2,0,1,1,0,Metropolitan Excluding CBD
26/03/2012,19.08.00,Yes,Collision with vehicle,U TURN,No,Dusk/Dawn,Yes,Not at intersection,Serious injury accident,60 km/hr,144.96595,-37.81121,MELBOURNE,METROPOLITAN NORTH WEST REGION,2,1,0,1,0,1,2,0,0,0,1,0,0,1,0,0,0,0,0,0,No,0,2,0,1,1,0,Metropolitan CBD Only
27/03/2012,06.03.00,No,Collision with vehicle,REAR END(VEHICLES IN SAME LANE),No,Dark Street lights on,Yes,Not at intersection,Serious injury accident,50 km/hr,144.96806,-37.81059,MELBOURNE,METROPOLITAN NORTH WEST REGION,2,2,0,1,1,0,2,0,0,0,2,0,0,0,0,0,0,0,0,1,No,0,2,0,1,0,0,Metropolitan CBD Only
28/03/2012,15.05.00,No,Struck Pedestrian,PED EMERGES FROM IN FRONT OF PARKED OR STATIONARY VEHICLE,No,Day,Yes,T intersection,Other injury accident,40 km/hr,144.96955,-37.80314,MELBOURNE,METROPOLITAN NORTH WEST REGION,2,2,0,0,2,0,1,1,1,0,0,1,0,0,0,0,0,0,0,0,No,0,1,0,0,0,0,Metropolitan Excluding CBD
28/03/2012,17.45.00,No,Struck Pedestrian,ANY MANOEUVRE INVOLVING PED NOT INCLUDED IN DCAs 100-108.,No,Day,Yes,Multiple intersection,Serious injury accident,50 km/hr,144.95745,-37.80181,MELBOURNE,METROPOLITAN NORTH WEST REGION,2,1,0,1,0,1,1,1,0,0,1,1,0,0,0,0,0,0,0,0,No,0,1,0,0,0,1,Metropolitan Excluding CBD
28/03/2012,06.15.00,No,Collision with vehicle,VEHICLE OFF FOOTPATH STRIKES VEH ON CARRIAGEWAY,Yes,Dusk/Dawn,Yes,Not at intersection,Serious injury accident,60 km/hr,144.96139,-37.82104,MELBOURNE,METROPOLITAN NORTH WEST REGION,2,1,0,1,0,1,2,0,1,0,1,0,0,0,0,0,0,0,0,1,No,0,2,0,1,0,0,Metropolitan Excluding CBD
29/03/2012,05.50.00,Yes,Collision with vehicle,RIGHT FAR (INTERSECTIONS ONLY),No,Dark Street lights on,Yes,T intersection,Other injury accident,60 km/hr,144.98252,-37.80914,MELBOURNE,METROPOLITAN NORTH WEST REGION,3,2,0,0,2,1,0,3,0,1,2,0,0,0,0,0,0,0,0,0,No,0,2,0,2,0,0,Metropolitan Excluding CBD
29/03/2012,20.34.00,Yes,Collision with vehicle,RIGHT NEAR (INTERSECTIONS ONLY),No,Dark Street lights on,Yes,T intersection,Other injury accident,60 km/hr,144.9761,-37.82316,MELBOURNE,METROPOLITAN NORTH WEST REGION,2,2,0,0,2,0,1,1,0,0,2,0,0,0,0,0,0,0,0,0,No,0,2,0,2,0,0,Metropolitan Excluding CBD
29/03/2012,16.27.00,No,Collision with vehicle,RIGHT THROUGH,No,Day,Yes,Cross intersection,Other injury accident,50 km/hr,144.97833,-37.80983,MELBOURNE,METROPOLITAN NORTH WEST REGION,3,1,0,0,1,2,1,1,0,1,1,0,0,1,0,0,0,0,0,1,No,0,2,0,1,1,0,Metropolitan Excluding CBD
29/03/2012,18.25.00,Yes,Collision with vehicle,RIGHT THROUGH,No,Dusk/Dawn,No,T intersection,Other injury accident,Not known,144.95293,-37.81034,MELBOURNE,METROPOLITAN NORTH WEST REGION,2,1,0,0,1,1,1,1,1,0,1,0,0,0,0,0,0,0,0,0,No,0,2,0,1,0,0,Metropolitan Excluding CBD
29/03/2012,12.05.00,No,Collision with vehicle,LEFT NEAR (INTERSECTIONS ONLY),No,Day,No,Multiple intersection,Other injury accident,50 km/hr,144.95781,-37.80869,MELBOURNE,METROPOLITAN NORTH WEST REGION,2,1,0,0,1,1,1,1,1,0,1,0,0,0,0,0,0,0,0,0,No,0,2,0,1,0,0,Metropolitan Excluding CBD
29/03/2012,16.10.00,No,Collision with vehicle,REAR END(VEHICLES IN SAME LANE),No,Day,No,Not at intersection,Other injury accident,80 km/hr,144.96185,-37.82729,MELBOURNE,METROPOLITAN NORTH WEST REGION,3,1,0,0,1,2,2,0,0,0,3,0,0,0,0,0,0,0,0,1,No,0,3,0,3,0,0,Metropolitan Excluding CBD
29/03/2012,00.30.00,Yes,Collision with vehicle,LEAVING PARKING,No,Unk.,No,Not at intersection,Serious injury accident,Not known,144.94973,-37.80243,MELBOURNE,METROPOLITAN NORTH WEST REGION,2,1,0,1,0,1,2,0,1,0,1,0,0,0,0,0,0,0,0,0,No,0,2,0,1,0,0,Metropolitan Excluding CBD
30/03/2012,06.30.00,No,Collision with vehicle,RIGHT THROUGH,No,Dark Street lights on,Yes,Not at intersection,Other injury accident,60 km/hr,144.97141,-37.82705,MELBOURNE,METROPOLITAN NORTH WEST REGION,2,1,0,0,1,1,2,0,0,0,1,0,0,1,0,0,0,0,0,0,No,0,2,0,1,1,0,Metropolitan Excluding CBD
30/03/2012,12.00.00,No,Collision with vehicle,REAR END(VEHICLES IN SAME LANE),No,Day,No,Not at intersection,Other injury accident,50 km/hr,144.96607,-37.81563,MELBOURNE,METROPOLITAN NORTH WEST REGION,2,1,0,0,1,1,2,0,1,0,1,0,0,0,0,0,0,0,0,0,No,0,2,0,1,0,0,Metropolitan CBD Only
30/03/2012,12.55.00,No,Collision with vehicle,REAR END(VEHICLES IN SAME LANE),No,Day,Yes,Not at intersection,Serious injury accident,80 km/hr,144.93187,-37.8207,MELBOURNE,METROPOLITAN NORTH WEST REGION,3,1,0,1,0,2,2,1,0,0,3,0,0,0,0,0,0,0,1,0,No,0,3,1,2,0,0,Metropolitan Excluding CBD
30/03/2012,07.35.00,No,Collision with vehicle,VEHICLE STRIKES DOOR OF PARKED/STATIONARY VEHICLE,No,Day,No,Cross intersection,Other injury accident,40 km/hr,144.96966,-37.81013,MELBOURNE,METROPOLITAN NORTH WEST REGION,2,2,0,0,2,0,1,1,1,0,1,0,0,0,0,0,0,0,0,0,No,0,2,0,1,0,0,Metropolitan CBD Only
30/03/2012,17.48.00,Yes,Collision with vehicle,RIGHT THROUGH,No,Day,Yes,T intersection,Other injury accident,60 km/hr,144.93436,-37.78857,MELBOURNE,METROPOLITAN NORTH WEST REGION,2,1,0,0,1,1,2,0,1,0,1,0,0,0,0,0,0,0,0,0,No,0,2,0,1,0,0,Metropolitan Excluding CBD
30/03/2012,17.20.00,Yes,Struck Pedestrian,PED NEAR SIDE. PED HIT BY VEHICLE FROM THE RIGHT.,No,Day,Yes,T intersection,Other injury accident,50 km/hr,144.97259,-37.81037,MELBOURNE,METROPOLITAN NORTH WEST REGION,2,1,0,0,1,1,1,1,0,0,1,1,0,0,0,0,0,0,0,1,No,0,1,0,1,0,0,Metropolitan CBD Only
30/03/2012,17.15.00,Yes,Collision with vehicle,VEHICLE STRIKES DOOR OF PARKED/STATIONARY VEHICLE,No,Day,No,Not at intersection,Serious injury accident,50 km/hr,144.96187,-37.81017,MELBOURNE,METROPOLITAN NORTH WEST REGION,3,1,0,1,0,2,2,1,1,1,1,0,0,0,0,0,0,0,0,0,No,0,2,0,1,0,0,Metropolitan CBD Only
30/03/2012,18.00.00,Yes,Collision with vehicle,LANE CHANGE LEFT (NOT OVERTAKING),No,Day,No,T intersection,Other injury accident,60 km/hr,144.95559,-37.80828,MELBOURNE,METROPOLITAN NORTH WEST REGION,2,1,0,0,1,1,2,0,0,0,2,0,0,0,0,0,0,0,0,0,No,0,2,0,2,0,0,Metropolitan Excluding CBD
30/03/2012,12.50.00,No,Struck Pedestrian,PED NEAR SIDE. PED HIT BY VEHICLE FROM THE RIGHT.,No,Day,No,Cross intersection,Other injury accident,50 km/hr,144.96473,-37.81156,MELBOURNE,METROPOLITAN NORTH WEST REGION,2,1,0,0,1,1,0,1,1,0,0,1,0,0,0,0,0,0,0,0,No,0,1,0,0,0,0,Metropolitan CBD Only
31/03/2012,18.40.00,Yes,Collision with vehicle,VEHICLE STRIKES DOOR OF PARKED/STATIONARY VEHICLE,No,Dark Street lights unknown,No,Not at intersection,Serious injury accident,50 km/hr,144.96661,-37.80954,MELBOURNE,METROPOLITAN NORTH WEST REGION,3,1,0,1,0,2,2,1,1,1,1,0,0,0,0,0,0,0,0,0,No,0,2,0,1,0,0,Metropolitan CBD Only
1/04/2012,12.40.00,No,Struck Pedestrian,PED NEAR SIDE. PED HIT BY VEHICLE FROM THE RIGHT.,No,Day,Yes,Cross intersection,Other injury accident,50 km/hr,144.96902,-37.79732,MELBOURNE,METROPOLITAN NORTH WEST REGION,3,1,0,0,1,2,0,2,0,0,1,2,0,0,0,0,0,0,0,0,No,0,1,0,1,0,0,Metropolitan Excluding CBD
1/04/2012,11.20.00,No,Collision with vehicle,REAR END(VEHICLES IN SAME LANE),No,Day,Yes,Not at intersection,Serious injury accident,80 km/hr,144.92593,-37.82733,MELBOURNE,METROPOLITAN NORTH WEST REGION,10,1,0,1,0,9,5,5,0,6,4,0,0,0,0,0,0,0,0,1,No,0,4,0,4,0,0,Metropolitan Excluding CBD
1/04/2012,17.30.00,Yes,Collision with vehicle,REAR END(VEHICLES IN SAME LANE),No,Day,No,Cross intersection,Other injury accident,50 km/hr,144.96316,-37.81425,MELBOURNE,METROPOLITAN NORTH WEST REGION,2,1,0,0,1,1,2,0,1,0,0,0,0,0,1,0,0,0,0,0,No,0,2,0,0,0,0,Metropolitan CBD Only
1/04/2012,16.30.00,Yes,Collision with vehicle,RIGHT FAR (INTERSECTIONS ONLY),No,Day,Yes,Cross intersection,Serious injury accident,60 km/hr,144.95645,-37.81175,MELBOURNE,METROPOLITAN NORTH WEST REGION,4,2,0,2,0,2,2,2,0,1,1,0,1,1,0,0,0,0,0,0,No,1,2,0,1,1,0,Metropolitan CBD Only
2/04/2012,09.58.00,No,Collision with vehicle,LEFT REAR,No,Day,Yes,Cross intersection,Serious injury accident,50 km/hr,144.95736,-37.79969,MELBOURNE,METROPOLITAN NORTH WEST REGION,4,1,0,1,0,3,2,2,0,2,2,0,0,0,0,0,0,0,0,0,No,0,2,0,2,0,0,Metropolitan Excluding CBD
2/04/2012,14.50.00,No,Collision with vehicle,RIGHT THROUGH,No,Day,Yes,Cross intersection,Serious injury accident,60 km/hr,144.96839,-37.79226,MELBOURNE,METROPOLITAN NORTH WEST REGION,2,1,0,1,0,1,1,1,0,0,2,0,0,0,0,0,0,0,0,0,No,0,2,0,2,0,0,Metropolitan Excluding CBD
2/04/2012,15.08.00,No,Collision with a fixed object,RIGHT OFF CARRIAGEWAY INTO OBJECT/PARKED VEHICLE,No,Day,Yes,Not at intersection,Other injury accident,80 km/hr,144.93416,-37.81213,MELBOURNE,METROPOLITAN NORTH WEST REGION,1,1,0,0,1,0,0,1,0,0,1,0,0,0,0,0,0,0,0,0,No,0,1,0,1,0,0,Metropolitan Excluding CBD
4/04/2012,09.45.00,No,Collision with vehicle,ENTERING PARKING,Yes,Day,No,T intersection,Other injury accident,40 km/hr,144.96669,-37.8021,MELBOURNE,METROPOLITAN NORTH WEST REGION,2,1,0,0,1,1,0,2,1,0,1,0,0,0,0,0,0,0,0,0,No,0,2,0,1,0,0,Metropolitan Excluding CBD
4/04/2012,18.50.00,Yes,Collision with vehicle,RIGHT THROUGH,No,Dark Street lights unknown,No,T intersection,Other injury accident,60 km/hr,144.95293,-37.81034,MELBOURNE,METROPOLITAN NORTH WEST REGION,2,1,0,0,1,1,2,0,0,0,2,0,0,0,0,0,0,0,0,0,No,0,2,0,2,0,0,Metropolitan Excluding CBD
5/04/2012,08.50.00,No,No collision and no object struck,OUT OF CONTROL ON CARRIAGEWAY (ON STRAIGHT),No,Day,Yes,Cross intersection,Other injury accident,30km/hr,144.96563,-37.81353,MELBOURNE,METROPOLITAN NORTH WEST REGION,2,2,0,0,2,0,2,0,2,0,0,0,0,0,0,0,0,0,0,0,No,0,2,0,0,0,0,Metropolitan CBD Only
5/04/2012,11.20.00,No,Struck Pedestrian,ANY MANOEUVRE INVOLVING PED NOT INCLUDED IN DCAs 100-108.,No,Day,Yes,Not at intersection,Fatal accident,50 km/hr,144.9509,-37.81332,MELBOURNE,METROPOLITAN NORTH WEST REGION,3,1,1,0,0,2,2,1,0,0,2,1,0,0,0,0,0,1,0,0,No,0,2,0,1,0,1,Metropolitan Excluding CBD
5/04/2012,16.15.00,No,No collision and no object struck,OUT OF CONTROL ON CARRIAGEWAY (ON STRAIGHT),No,Day,Yes,Not at intersection,Serious injury accident,30km/hr,144.96712,-37.81678,MELBOURNE,METROPOLITAN NORTH WEST REGION,1,1,0,1,0,0,0,1,1,0,0,0,0,0,0,0,0,0,0,0,No,0,1,0,0,0,0,Metropolitan CBD Only
5/04/2012,08.15.00,No,Collision with vehicle,LEFT NEAR (INTERSECTIONS ONLY),No,Unk.,No,Multiple intersection,Other injury accident,Not known,144.93733,-37.80531,MELBOURNE,METROPOLITAN NORTH WEST REGION,2,1,0,0,1,1,2,0,0,0,1,0,0,1,0,0,0,0,0,0,No,0,2,0,1,1,0,Metropolitan Excluding CBD
5/04/2012,07.50.00,No,Collision with vehicle,LEFT TURN SIDESWIPE,No,Day,No,T intersection,Other injury accident,50 km/hr,144.95709,-37.8171,MELBOURNE,METROPOLITAN NORTH WEST REGION,2,1,0,0,1,1,1,1,1,0,1,0,0,0,0,0,0,0,0,0,No,0,2,0,1,0,0,Metropolitan CBD Only
5/04/2012,07.55.00,No,Collision with vehicle,RIGHT REAR.,No,Day,No,Cross intersection,Serious injury accident,40 km/hr,144.97309,-37.79657,MELBOURNE,METROPOLITAN NORTH WEST REGION,2,1,0,1,0,1,1,1,1,0,1,0,0,0,0,0,0,0,0,0,No,0,2,0,1,0,0,Metropolitan Excluding CBD
5/04/2012,17.45.00,No,Collision with vehicle,RIGHT REAR.,No,Dusk/Dawn,No,Cross intersection,Other injury accident,60 km/hr,144.95507,-37.8211,MELBOURNE,METROPOLITAN NORTH WEST REGION,2,1,0,0,1,1,1,1,0,0,2,0,0,0,0,0,0,0,0,0,No,0,2,0,2,0,0,Metropolitan CBD Only
6/04/2012,12.05.00,No,Collision with vehicle,LANE CHANGE RIGHT (NOT OVERTAKING),No,Day,Yes,Cross intersection,Other injury accident,60 km/hr,144.96142,-37.81659,MELBOURNE,METROPOLITAN NORTH WEST REGION,2,1,0,0,1,1,1,1,0,0,1,0,0,1,0,0,0,0,0,0,No,0,2,0,1,1,0,Metropolitan CBD Only
7/04/2012,07.30.00,Yes,Struck Pedestrian,PED WALKING WITH TRAFFIC,No,Unk.,No,Not at intersection,Other injury accident,Not known,144.96344,-37.80458,MELBOURNE,METROPOLITAN NORTH WEST REGION,2,1,0,0,1,1,0,1,0,0,0,1,0,0,1,0,0,0,0,0,No,0,1,0,0,0,0,Metropolitan Excluding CBD
8/04/2012,03.00.00,Yes,Collision with a fixed object,LEFT OFF CARRIAGEWAY INTO OBJECT/PARKED VEHICLE,No,Dark Street lights on,No,Not at intersection,Other injury accident,80 km/hr,144.94369,-37.82572,MELBOURNE,METROPOLITAN NORTH WEST REGION,1,1,0,0,1,0,1,0,0,0,1,0,0,0,0,0,0,0,0,1,Yes,0,1,0,1,0,0,Metropolitan Excluding CBD
9/04/2012,13.10.00,No,Collision with vehicle,REAR END(VEHICLES IN SAME LANE),No,Day,Yes,Not at intersection,Serious injury accident,80 km/hr,144.9262,-37.82728,MELBOURNE,METROPOLITAN NORTH WEST REGION,9,1,0,1,0,8,5,4,0,5,4,0,0,0,0,0,0,0,0,1,No,0,4,0,4,0,0,Metropolitan Excluding CBD
9/04/2012,18.50.00,Yes,No collision and no object struck,FELL IN/FROM VEHICLE,No,Day,No,Cross intersection,Other injury accident,60 km/hr,144.96654,-37.81549,MELBOURNE,METROPOLITAN NORTH WEST REGION,3,1,0,0,1,2,0,1,0,1,1,0,0,0,1,0,0,0,0,0,No,0,2,0,0,0,1,Metropolitan CBD Only
10/04/2012,13.30.00,No,Collision with vehicle,RIGHT NEAR (INTERSECTIONS ONLY),No,Day,Yes,T intersection,Other injury accident,60 km/hr,144.9718,-37.83228,MELBOURNE,METROPOLITAN NORTH WEST REGION,2,1,0,0,1,1,2,0,0,0,1,0,0,1,0,0,0,0,0,0,No,0,2,0,1,1,0,Metropolitan Excluding CBD
10/04/2012,17.30.00,No,Collision with vehicle,LANE SIDE SWIPE (VEHICLES IN PARALLEL LANES),No,Dusk/Dawn,No,Not at intersection,Other injury accident,Not known,144.97051,-37.82415,MELBOURNE,METROPOLITAN NORTH WEST REGION,2,1,0,0,1,1,1,1,1,0,1,0,0,0,0,0,0,0,0,0,No,0,2,0,0,0,1,Metropolitan Excluding CBD
11/04/2012,10.25.00,No,Collision with vehicle,LEFT TURN SIDESWIPE,No,Day,Yes,T intersection,Other injury accident,60 km/hr,144.95918,-37.78471,MELBOURNE,METROPOLITAN NORTH WEST REGION,3,1,0,0,1,2,2,1,0,1,2,0,0,0,0,0,0,0,0,0,No,0,2,0,2,0,0,Metropolitan Excluding CBD
11/04/2012,10.20.00,No,Collision with vehicle,RIGHT THROUGH,No,Day,Yes,T intersection,Serious injury accident,60 km/hr,144.9221,-37.82563,MELBOURNE,METROPOLITAN NORTH WEST REGION,2,1,0,1,0,1,1,1,0,0,1,0,0,1,0,0,0,0,0,0,No,0,2,0,1,1,0,Metropolitan Excluding CBD
11/04/2012,12.23.00,No,No collision and no object struck,OUT OF CONTROL ON CARRIAGEWAY (ON STRAIGHT),No,Day,Yes,Cross intersection,Other injury accident,60 km/hr,144.94866,-37.8055,MELBOURNE,METROPOLITAN NORTH WEST REGION,2,1,0,0,1,1,2,0,0,0,1,0,0,1,0,0,0,0,0,0,No,0,2,0,1,1,0,Metropolitan Excluding CBD
11/04/2012,18.16.00,Yes,Collision with vehicle,REAR END(VEHICLES IN SAME LANE),Yes,Dusk/Dawn,No,Not at intersection,Other injury accident,Not known,144.98878,-37.82493,MELBOURNE,METROPOLITAN NORTH WEST REGION,3,1,0,0,1,2,1,0,0,0,1,0,0,0,2,0,0,0,0,0,No,0,2,0,1,0,0,Metropolitan Excluding CBD
11/04/2012,17.38.00,No,Collision with vehicle,LEFT TURN SIDESWIPE,No,Day,No,Cross intersection,Other injury accident,60 km/hr,144.97759,-37.8413,MELBOURNE,METROPOLITAN NORTH WEST REGION,2,1,0,0,1,1,1,1,1,0,1,0,0,0,0,0,0,0,0,0,No,0,2,0,1,0,0,Metropolitan Excluding CBD
12/04/2012,08.00.00,No,Collision with vehicle,RIGHT THROUGH,No,Day,Yes,Cross intersection,Other injury accident,50 km/hr,144.95144,-37.81317,MELBOURNE,METROPOLITAN NORTH WEST REGION,2,1,0,0,1,1,2,0,1,0,1,0,0,0,0,0,0,0,1,0,No,0,2,0,1,0,0,Metropolitan CBD Only
12/04/2012,12.00.00,No,Collision with vehicle,LANE SIDE SWIPE (VEHICLES IN PARALLEL LANES),No,Day,Yes,T intersection,Serious injury accident,Not known,144.97159,-37.81179,MELBOURNE,METROPOLITAN NORTH WEST REGION,2,1,0,1,0,1,2,0,0,0,2,0,0,0,0,0,0,0,0,0,No,0,2,0,1,0,1,Metropolitan CBD Only
12/04/2012,17.59.00,No,Collision with vehicle,LANE CHANGE LEFT (NOT OVERTAKING),No,Dusk/Dawn,Yes,Cross intersection,Serious injury accident,50 km/hr,144.97049,-37.79748,MELBOURNE,METROPOLITAN NORTH WEST REGION,2,1,0,1,0,1,2,0,1,0,1,0,0,0,0,0,0,0,0,0,No,0,2,0,1,0,0,Metropolitan Excluding CBD
12/04/2012,17.45.00,No,Collision with vehicle,REAR END(VEHICLES IN SAME LANE),No,Day,No,Cross intersection,Other injury accident,50 km/hr,144.93771,-37.81482,MELBOURNE,METROPOLITAN NORTH WEST REGION,2,1,0,0,1,1,1,1,0,0,2,0,0,0,0,0,0,0,0,0,No,0,2,0,2,0,0,Metropolitan Excluding CBD
13/04/2012,13.47.00,No,Struck Pedestrian,PED NEAR SIDE. PED HIT BY VEHICLE FROM THE RIGHT.,No,Day,Yes,Not at intersection,Serious injury accident,50 km/hr,144.9525,-37.82184,MELBOURNE,METROPOLITAN NORTH WEST REGION,4,1,0,1,0,3,1,3,0,2,1,1,0,0,0,0,0,0,0,0,No,0,1,0,1,0,0,Metropolitan Excluding CBD